numero_inscricao,query
210061103945,"
SELECT 
    no_municipio_esc, 
    sg_uf_esc, 
    nu_inscricao, 
    tp_status_redacao, 
    nu_nota_comp1, 
    nu_nota_comp2, 
    nu_nota_comp3, 
    nu_nota_comp4, 
    nu_nota_comp5, 
    nu_nota_redacao 
FROM 
    db.enem.base_enem 
WHERE 
    nu_inscricao = 210061103945;
"
210060214087,"
SELECT nu_inscricao, tp_status_redacao, nu_nota_comp1, nu_nota_comp2, nu_nota_comp3, nu_nota_comp4, nu_nota_comp5, nu_nota_redacao
FROM db.enem.base_enem
WHERE nu_inscricao = 210060214087;
"
210059980948,"
SELECT nu_inscricao, tp_status_redacao, nu_nota_comp1, nu_nota_comp2, nu_nota_comp3, nu_nota_comp4, nu_nota_comp5, nu_nota_redacao 
FROM db.enem.base_enem 
WHERE nu_inscricao = 210059980948;
"
210060801601,"
SELECT 
    no_municipio_esc, 
    sg_uf_esc, 
    nu_inscricao, 
    tp_status_redacao, 
    nu_nota_comp1, 
    nu_nota_comp2, 
    nu_nota_comp3, 
    nu_nota_comp4, 
    nu_nota_comp5, 
    nu_nota_redacao 
FROM 
    db.enem.base_enem 
WHERE 
    nu_inscricao = 210060801601;
"
210059085130,"
SELECT 
    no_municipio_esc,
    sg_uf_esc,
    nu_inscricao,
    tp_status_redacao,
    nu_nota_comp1,
    nu_nota_comp2,
    nu_nota_comp3,
    nu_nota_comp4,
    nu_nota_comp5,
    nu_nota_redacao
FROM 
    db.enem.base_enem
WHERE 
    nu_inscricao = 210059085130;
"
210060801595,"
SELECT 
    nu_inscricao, 
    nu_nota_comp1, 
    nu_nota_comp2, 
    nu_nota_comp3, 
    nu_nota_comp4, 
    nu_nota_comp5, 
    nu_nota_redacao 
FROM 
    db.enem.base_enem 
WHERE 
    nu_inscricao = 210060801595;
"
210060214081,"
SELECT 
    no_municipio_esc, 
    sg_uf_esc, 
    nu_inscricao, 
    tp_status_redacao, 
    nu_nota_comp1, 
    nu_nota_comp2, 
    nu_nota_comp3, 
    nu_nota_comp4, 
    nu_nota_comp5, 
    nu_nota_redacao
FROM 
    db.enem.base_enem
WHERE 
    nu_inscricao = 210060214081;
"
210059388087,"
SELECT nu_inscricao, no_municipio_esc, sg_uf_esc, tp_status_redacao, 
       nu_nota_comp1, nu_nota_comp2, nu_nota_comp3, nu_nota_comp4, nu_nota_comp5, nu_nota_redacao
FROM db.enem.base_enem
WHERE nu_inscricao = 210059388087;
"
210059980942,"
SELECT 
    no_municipio_esc,
    sg_uf_esc,
    nu_inscricao,
    tp_status_redacao,
    nu_nota_comp1,
    nu_nota_comp2,
    nu_nota_comp3,
    nu_nota_comp4,
    nu_nota_comp5,
    nu_nota_redacao
FROM 
    db.enem.base_enem
WHERE 
    nu_inscricao = 210059980942;
"
210058061534,"
SELECT nu_inscricao, 
       tp_status_redacao, 
       nu_nota_comp1, 
       nu_nota_comp2, 
       nu_nota_comp3, 
       nu_nota_comp4, 
       nu_nota_comp5, 
       nu_nota_redacao 
FROM db.enem.base_enem 
WHERE nu_inscricao = 210058061534;
"
210059855117,"
SELECT nu_inscricao, nu_nota_redacao, nu_nota_comp1, nu_nota_comp2, nu_nota_comp3, nu_nota_comp4, nu_nota_comp5
FROM db.enem.base_enem
WHERE nu_inscricao = 210059855117;
"
210058387328,"
SELECT 
    no_municipio_esc,
    sg_uf_esc,
    nu_inscricao,
    tp_status_redacao,
    nu_nota_comp1,
    nu_nota_comp2,
    nu_nota_comp3,
    nu_nota_comp4,
    nu_nota_comp5,
    nu_nota_redacao
FROM 
    db.enem.base_enem
WHERE 
    nu_inscricao = 210058387328;
"
210060801596,"
SELECT 
    nu_inscricao, 
    nu_nota_comp1, 
    nu_nota_comp2, 
    nu_nota_comp3, 
    nu_nota_comp4, 
    nu_nota_comp5, 
    nu_nota_redacao
FROM 
    db.enem.base_enem
WHERE 
    nu_inscricao = 210060801596;
"
210061103941,"
SELECT nu_inscricao, no_municipio_esc, sg_uf_esc, tp_status_redacao, 
       nu_nota_comp1, nu_nota_comp2, nu_nota_comp3, nu_nota_comp4, nu_nota_comp5, nu_nota_redacao 
FROM db.enem.base_enem 
WHERE nu_inscricao = 210061103941;
"
210059388088,"
SELECT nu_inscricao, nu_nota_comp1, nu_nota_comp2, nu_nota_comp3, nu_nota_comp4, nu_nota_comp5, nu_nota_redacao 
FROM db.enem.base_enem 
WHERE nu_inscricao = 210059388088;
"
210059980943,"
SELECT 
    no_municipio_esc,
    sg_uf_esc,
    nu_inscricao,
    tp_status_redacao,
    nu_nota_comp1,
    nu_nota_comp2,
    nu_nota_comp3,
    nu_nota_comp4,
    nu_nota_comp5,
    nu_nota_redacao
FROM 
    db.enem.base_enem
WHERE 
    nu_inscricao = 210059980943;
"
210058061535,"
SELECT 
    no_municipio_esc, 
    sg_uf_esc, 
    nu_inscricao, 
    tp_status_redacao, 
    nu_nota_comp1, 
    nu_nota_comp2, 
    nu_nota_comp3, 
    nu_nota_comp4, 
    nu_nota_comp5, 
    nu_nota_redacao 
FROM 
    db.enem.base_enem 
WHERE 
    nu_inscricao = 210058061535;
"
210058387329,"
SELECT 
    nu_inscricao, 
    no_municipio_esc, 
    sg_uf_esc, 
    tp_status_redacao, 
    nu_nota_comp1, 
    nu_nota_comp2, 
    nu_nota_comp3, 
    nu_nota_comp4, 
    nu_nota_comp5, 
    nu_nota_redacao 
FROM 
    db.enem.base_enem 
WHERE 
    nu_inscricao = 210058387329;
"
210059085132,"
SELECT nu_inscricao, no_municipio_esc, sg_uf_esc, tp_status_redacao, 
       nu_nota_comp1, nu_nota_comp2, nu_nota_comp3, 
       nu_nota_comp4, nu_nota_comp5, nu_nota_redacao 
FROM db.enem.base_enem 
WHERE nu_inscricao = 210059085132;
"
210059527731,"
SELECT nu_inscricao, tp_status_redacao, nu_nota_comp1, nu_nota_comp2, nu_nota_comp3, nu_nota_comp4, nu_nota_comp5, nu_nota_redacao
FROM db.enem.base_enem
WHERE nu_inscricao = 210059527731;
"
210060214083,"
SELECT nu_inscricao, tp_status_redacao, nu_nota_comp1, nu_nota_comp2, nu_nota_comp3, nu_nota_comp4, nu_nota_comp5, nu_nota_redacao
FROM db.enem.base_enem
WHERE nu_inscricao = 210060214083;
"
210058061536,"
SELECT 
    nu_inscricao, 
    no_municipio_esc, 
    sg_uf_esc, 
    tp_status_redacao, 
    nu_nota_comp1, 
    nu_nota_comp2, 
    nu_nota_comp3, 
    nu_nota_comp4, 
    nu_nota_comp5, 
    nu_nota_redacao 
FROM 
    db.enem.base_enem 
WHERE 
    nu_inscricao = 210058061536;
"
210061103943,"
SELECT 
    nu_inscricao,
    nu_nota_comp1,
    nu_nota_comp2,
    nu_nota_comp3,
    nu_nota_comp4,
    nu_nota_comp5,
    nu_nota_redacao
FROM 
    db.enem.base_enem
WHERE 
    nu_inscricao = 210061103943;
"
210059980946,"
SELECT nu_inscricao, no_municipio_esc, sg_uf_esc, tp_status_redacao, nu_nota_comp1, nu_nota_comp2, nu_nota_comp3, nu_nota_comp4, nu_nota_comp5, nu_nota_redacao 
FROM db.enem.base_enem 
WHERE nu_inscricao = 210059980946;
"
210059855121,"
SELECT nu_inscricao, 
       nu_nota_comp1, 
       nu_nota_comp2, 
       nu_nota_comp3, 
       nu_nota_comp4, 
       nu_nota_comp5, 
       nu_nota_redacao 
FROM db.enem.base_enem 
WHERE nu_inscricao = 210059855121;
"
210059085135,"
SELECT 
    no_municipio_esc, 
    sg_uf_esc, 
    nu_inscricao, 
    tp_status_redacao, 
    nu_nota_comp1, 
    nu_nota_comp2, 
    nu_nota_comp3, 
    nu_nota_comp4, 
    nu_nota_comp5, 
    nu_nota_redacao 
FROM 
    db.enem.base_enem 
WHERE 
    nu_inscricao = 210059085135;
"
210059527734,"
SELECT nu_inscricao, no_municipio_esc, sg_uf_esc, tp_status_redacao, nu_nota_comp1, nu_nota_comp2, nu_nota_comp3, nu_nota_comp4, nu_nota_comp5, nu_nota_redacao
FROM db.enem.base_enem
WHERE nu_inscricao = 210059527734;
"
210061103944,"
SELECT nu_inscricao, 
       tp_status_redacao, 
       nu_nota_comp1, 
       nu_nota_comp2, 
       nu_nota_comp3, 
       nu_nota_comp4, 
       nu_nota_comp5, 
       nu_nota_redacao 
FROM db.enem.base_enem 
WHERE nu_inscricao = 210061103944;
"
210060214086,"
SELECT nu_inscricao, nu_nota_redacao, nu_nota_comp1, nu_nota_comp2, nu_nota_comp3, nu_nota_comp4, nu_nota_comp5
FROM db.enem.base_enem
WHERE nu_inscricao = 210060214086;
"
210059388092,"
SELECT nu_inscricao, no_municipio_esc, sg_uf_esc, tp_status_redacao, nu_nota_comp1, nu_nota_comp2, nu_nota_comp3, nu_nota_comp4, nu_nota_comp5, nu_nota_redacao
FROM db.enem.base_enem
WHERE nu_inscricao = 210059388092;
"
210059980947,"
SELECT 
    no_municipio_esc,
    sg_uf_esc,
    nu_inscricao,
    tp_status_redacao,
    nu_nota_comp1,
    nu_nota_comp2,
    nu_nota_comp3,
    nu_nota_comp4,
    nu_nota_comp5,
    nu_nota_redacao
FROM 
    db.enem.base_enem
WHERE 
    nu_inscricao = 210059980947;
"
210059855119,"
SELECT 
    no_municipio_esc,
    sg_uf_esc,
    nu_inscricao,
    tp_status_redacao,
    nu_nota_comp1,
    nu_nota_comp2,
    nu_nota_comp3,
    nu_nota_comp4,
    nu_nota_comp5,
    nu_nota_redacao
FROM 
    db.enem.base_enem
WHERE 
    nu_inscricao = 210059855119;
"
210058387330,"
SELECT nu_inscricao, 
       nu_nota_comp1, 
       nu_nota_comp2, 
       nu_nota_comp3, 
       nu_nota_comp4, 
       nu_nota_comp5, 
       nu_nota_redacao 
FROM db.enem.base_enem 
WHERE nu_inscricao = 210058387330;
"
210059085133,"
SELECT nu_inscricao, no_municipio_esc, sg_uf_esc, tp_status_redacao, nu_nota_comp1, nu_nota_comp2, nu_nota_comp3, nu_nota_comp4, nu_nota_comp5, nu_nota_redacao
FROM db.enem.base_enem
WHERE nu_inscricao = 210059085133;
"
210061103942,"
SELECT 
    nu_inscricao, 
    tp_status_redacao, 
    nu_nota_comp1, 
    nu_nota_comp2, 
    nu_nota_comp3, 
    nu_nota_comp4, 
    nu_nota_comp5, 
    nu_nota_redacao 
FROM 
    db.enem.base_enem 
WHERE 
    nu_inscricao = 210061103942;
"
210059388090,"
SELECT 
    no_municipio_esc,
    sg_uf_esc,
    nu_inscricao,
    tp_status_redacao,
    nu_nota_comp1,
    nu_nota_comp2,
    nu_nota_comp3,
    nu_nota_comp4,
    nu_nota_comp5,
    nu_nota_redacao
FROM 
    db.enem.base_enem
WHERE 
    nu_inscricao = 210059388090;
"
210059980945,"
SELECT nu_inscricao, no_municipio_esc, sg_uf_esc, tp_status_redacao, 
       nu_nota_comp1, nu_nota_comp2, nu_nota_comp3, nu_nota_comp4, nu_nota_comp5, nu_nota_redacao
FROM db.enem.base_enem
WHERE nu_inscricao = 210059980945;
"
210058061537,"
SELECT nu_inscricao, 
       tp_status_redacao, 
       nu_nota_comp1, 
       nu_nota_comp2, 
       nu_nota_comp3, 
       nu_nota_comp4, 
       nu_nota_comp5, 
       nu_nota_redacao 
FROM db.enem.base_enem 
WHERE nu_inscricao = 210058061537;
"
210058387331,"
SELECT 
    no_municipio_esc,
    sg_uf_esc,
    nu_inscricao,
    tp_status_redacao,
    nu_nota_comp1,
    nu_nota_comp2,
    nu_nota_comp3,
    nu_nota_comp4,
    nu_nota_comp5,
    nu_nota_redacao
FROM 
    db.enem.base_enem
WHERE 
    nu_inscricao = 210058387331;
"
210059085134,"
SELECT nu_inscricao, tp_status_redacao, nu_nota_comp1, nu_nota_comp2, nu_nota_comp3, nu_nota_comp4, nu_nota_comp5, nu_nota_redacao
FROM db.enem.base_enem
WHERE nu_inscricao = 210059085134;
"
210060801599,"
SELECT 
    no_municipio_esc, 
    sg_uf_esc, 
    nu_inscricao, 
    tp_status_redacao, 
    nu_nota_comp1, 
    nu_nota_comp2, 
    nu_nota_comp3, 
    nu_nota_comp4, 
    nu_nota_comp5, 
    nu_nota_redacao 
FROM 
    db.enem.base_enem 
WHERE 
    nu_inscricao = 210060801599;
"
210059527733,"
SELECT nu_inscricao, no_municipio_esc, sg_uf_esc, tp_status_redacao, nu_nota_comp1, nu_nota_comp2, nu_nota_comp3, nu_nota_comp4, nu_nota_comp5, nu_nota_redacao
FROM db.enem.base_enem
WHERE nu_inscricao = 210059527733;
"
210058941499,"
SELECT nu_inscricao, 
       nu_nota_comp1, 
       nu_nota_comp2, 
       nu_nota_comp3, 
       nu_nota_comp4, 
       nu_nota_comp5, 
       nu_nota_redacao 
FROM db.enem.base_enem 
WHERE nu_inscricao = 210058941499;
"
210059959486,"
SELECT 
    nu_inscricao,
    tp_status_redacao,
    nu_nota_comp1,
    nu_nota_comp2,
    nu_nota_comp3,
    nu_nota_comp4,
    nu_nota_comp5,
    nu_nota_redacao
FROM 
    db.enem.base_enem
WHERE 
    nu_inscricao = 210059959486;
"
210058573821,"
SELECT nu_inscricao, 
       nu_nota_comp1, 
       nu_nota_comp2, 
       nu_nota_comp3, 
       nu_nota_comp4, 
       nu_nota_comp5, 
       nu_nota_redacao 
FROM db.enem.base_enem 
WHERE nu_inscricao = 210058573821;
"
210059246977,"
SELECT 
    nu_inscricao,
    nu_nota_comp1,
    nu_nota_comp2,
    nu_nota_comp3,
    nu_nota_comp4,
    nu_nota_comp5,
    nu_nota_redacao
FROM 
    db.enem.base_enem
WHERE 
    nu_inscricao = 210059246977;
"
210059589782,"
SELECT nu_inscricao, no_municipio_esc, sg_uf_esc, tp_status_redacao, 
       nu_nota_comp1, nu_nota_comp2, nu_nota_comp3, nu_nota_comp4, nu_nota_comp5, nu_nota_redacao 
FROM db.enem.base_enem 
WHERE nu_inscricao = 210059589782;
"
210058941500,"
SELECT nu_inscricao, no_municipio_esc, sg_uf_esc, tp_status_redacao, nu_nota_comp1, nu_nota_comp2, nu_nota_comp3, nu_nota_comp4, nu_nota_comp5, nu_nota_redacao
FROM db.enem.base_enem
WHERE nu_inscricao = 210058941500;
"
210059959487,"
SELECT 
    nu_inscricao, 
    tp_status_redacao, 
    nu_nota_comp1, 
    nu_nota_comp2, 
    nu_nota_comp3, 
    nu_nota_comp4, 
    nu_nota_comp5, 
    nu_nota_redacao 
FROM 
    db.enem.base_enem 
WHERE 
    nu_inscricao = 210059959487;
"
210059982325,"
SELECT 
    no_municipio_esc, 
    sg_uf_esc, 
    tp_status_redacao, 
    nu_nota_comp1, 
    nu_nota_comp2, 
    nu_nota_comp3, 
    nu_nota_comp4, 
    nu_nota_comp5, 
    nu_nota_redacao 
FROM 
    db.enem.base_enem 
WHERE 
    nu_inscricao = 210059982325;
"
210060440980,"
SELECT nu_inscricao, tp_status_redacao, nu_nota_comp1, nu_nota_comp2, nu_nota_comp3, nu_nota_comp4, nu_nota_comp5, nu_nota_redacao
FROM db.enem.base_enem
WHERE nu_inscricao = 210060440980;
"
210060373830,"
SELECT 
    no_municipio_esc,
    sg_uf_esc,
    nu_inscricao,
    tp_status_redacao,
    nu_nota_comp1,
    nu_nota_comp2,
    nu_nota_comp3,
    nu_nota_comp4,
    nu_nota_comp5,
    nu_nota_redacao
FROM 
    db.enem.base_enem
WHERE 
    nu_inscricao = 210060373830;
"
210061103946,"
SELECT nu_inscricao, tp_status_redacao, nu_nota_comp1, nu_nota_comp2, nu_nota_comp3, nu_nota_comp4, nu_nota_comp5, nu_nota_redacao
FROM db.enem.base_enem
WHERE nu_inscricao = 210061103946;
"
210060214088,"
SELECT 
    nu_inscricao, 
    tp_status_redacao, 
    nu_nota_comp1, 
    nu_nota_comp2, 
    nu_nota_comp3, 
    nu_nota_comp4, 
    nu_nota_comp5, 
    nu_nota_redacao 
FROM 
    db.enem.base_enem 
WHERE 
    nu_inscricao = 210060214088;
"
210059388093,"
SELECT 
    no_municipio_esc, 
    sg_uf_esc, 
    nu_inscricao, 
    tp_status_redacao, 
    nu_nota_comp1, 
    nu_nota_comp2, 
    nu_nota_comp3, 
    nu_nota_comp4, 
    nu_nota_comp5, 
    nu_nota_redacao 
FROM 
    db.enem.base_enem 
WHERE 
    nu_inscricao = 210059388093;
"
210059980949,"
SELECT 
    no_municipio_esc, 
    sg_uf_esc, 
    nu_inscricao, 
    tp_status_redacao, 
    nu_nota_comp1, 
    nu_nota_comp2, 
    nu_nota_comp3, 
    nu_nota_comp4, 
    nu_nota_comp5, 
    nu_nota_redacao 
FROM 
    db.enem.base_enem 
WHERE 
    nu_inscricao = 210059980949;
"
210058061540,"
SELECT nu_inscricao, 
       nu_nota_comp1, 
       nu_nota_comp2, 
       nu_nota_comp3, 
       nu_nota_comp4, 
       nu_nota_comp5, 
       nu_nota_redacao 
FROM db.enem.base_enem 
WHERE nu_inscricao = 210058061540;
"
210058387334,"
SELECT 
    no_municipio_esc, 
    sg_uf_esc, 
    nu_inscricao, 
    tp_status_redacao, 
    nu_nota_comp1, 
    nu_nota_comp2, 
    nu_nota_comp3, 
    nu_nota_comp4, 
    nu_nota_comp5, 
    nu_nota_redacao 
FROM 
    db.enem.base_enem 
WHERE 
    nu_inscricao = 210058387334;
"
210059085138,"
SELECT 
    no_municipio_esc,
    sg_uf_esc,
    tp_status_redacao,
    nu_nota_comp1,
    nu_nota_comp2,
    nu_nota_comp3,
    nu_nota_comp4,
    nu_nota_comp5,
    nu_nota_redacao
FROM 
    db.enem.base_enem
WHERE 
    nu_inscricao = 210059085138;
"
210061103947,"
SELECT 
    no_municipio_esc, 
    sg_uf_esc, 
    nu_inscricao, 
    tp_status_redacao, 
    nu_nota_comp1, 
    nu_nota_comp2, 
    nu_nota_comp3, 
    nu_nota_comp4, 
    nu_nota_comp5, 
    nu_nota_redacao 
FROM 
    db.enem.base_enem 
WHERE 
    nu_inscricao = 210061103947;
"
210059388094,"
SELECT 
    nu_inscricao, 
    tp_status_redacao, 
    nu_nota_comp1, 
    nu_nota_comp2, 
    nu_nota_comp3, 
    nu_nota_comp4, 
    nu_nota_comp5, 
    nu_nota_redacao 
FROM 
    db.enem.base_enem 
WHERE 
    nu_inscricao = 210059388094;
"
210059246972,"
SELECT nu_inscricao, no_municipio_esc, sg_uf_esc, tp_status_redacao, nu_nota_comp1, nu_nota_comp2, nu_nota_comp3, nu_nota_comp4, nu_nota_comp5, nu_nota_redacao
FROM db.enem.base_enem
WHERE nu_inscricao = 210059246972;
"
210061234981,"
SELECT 
    no_municipio_esc, 
    sg_uf_esc, 
    nu_inscricao, 
    tp_status_redacao, 
    nu_nota_comp1, 
    nu_nota_comp2, 
    nu_nota_comp3, 
    nu_nota_comp4, 
    nu_nota_comp5, 
    nu_nota_redacao 
FROM 
    db.enem.base_enem 
WHERE 
    nu_inscricao = 210061234981;
"
210061327761,"
SELECT 
    no_municipio_esc, 
    sg_uf_esc, 
    tp_status_redacao, 
    nu_nota_comp1, 
    nu_nota_comp2, 
    nu_nota_comp3, 
    nu_nota_comp4, 
    nu_nota_comp5, 
    nu_nota_redacao 
FROM 
    db.enem.base_enem 
WHERE 
    nu_inscricao = 210061327761;
"
210059587846,"
SELECT nu_inscricao, tp_status_redacao, nu_nota_comp1, nu_nota_comp2, nu_nota_comp3, nu_nota_comp4, nu_nota_comp5, nu_nota_redacao
FROM db.enem.base_enem
WHERE nu_inscricao = 210059587846;
"
210058941492,"
SELECT nu_inscricao, tp_status_redacao, nu_nota_comp1, nu_nota_comp2, nu_nota_comp3, nu_nota_comp4, nu_nota_comp5, nu_nota_redacao
FROM db.enem.base_enem
WHERE nu_inscricao = 210058941492;
"
210059959482,"
SELECT 
    nu_inscricao, 
    nu_nota_comp1, 
    nu_nota_comp2, 
    nu_nota_comp3, 
    nu_nota_comp4, 
    nu_nota_comp5, 
    nu_nota_redacao 
FROM 
    db.enem.base_enem 
WHERE 
    nu_inscricao = 210059959482;
"
210058573817,"
SELECT nu_inscricao, 
       nu_nota_comp1, 
       nu_nota_comp2, 
       nu_nota_comp3, 
       nu_nota_comp4, 
       nu_nota_comp5, 
       nu_nota_redacao 
FROM db.enem.base_enem 
WHERE nu_inscricao = 210058573817;
"
210061234982,"
SELECT nu_inscricao, no_municipio_esc, sg_uf_esc, tp_status_redacao, 
       nu_nota_comp1, nu_nota_comp2, nu_nota_comp3, 
       nu_nota_comp4, nu_nota_comp5, nu_nota_redacao
FROM db.enem.base_enem
WHERE nu_inscricao = 210061234982;
"
210061337583,"
SELECT nu_inscricao, no_municipio_esc, sg_uf_esc, tp_status_redacao, 
       nu_nota_comp1, nu_nota_comp2, nu_nota_comp3, nu_nota_comp4, nu_nota_comp5, 
       nu_nota_redacao
FROM db.enem.base_enem
WHERE nu_inscricao = 210061337583;
"
210059587847,"
SELECT nu_inscricao, nu_nota_comp1, nu_nota_comp2, nu_nota_comp3, nu_nota_comp4, nu_nota_comp5, nu_nota_redacao
FROM db.enem.base_enem
WHERE nu_inscricao = 210059587847;
"
210058941494,"
SELECT no_municipio_esc, sg_uf_esc, nu_nota_comp1, nu_nota_comp2, nu_nota_comp3, nu_nota_comp4, nu_nota_comp5, nu_nota_redacao
FROM db.enem.base_enem
WHERE nu_inscricao = 210058941494;
"
210060373826,"
SELECT 
    no_municipio_esc, 
    sg_uf_esc, 
    nu_inscricao, 
    tp_status_redacao, 
    nu_nota_comp1, 
    nu_nota_comp2, 
    nu_nota_comp3, 
    nu_nota_comp4, 
    nu_nota_comp5, 
    nu_nota_redacao 
FROM 
    db.enem.base_enem 
WHERE 
    nu_inscricao = 210060373826;
"
210058573818,"
SELECT 
    nu_inscricao, 
    tp_status_redacao, 
    nu_nota_comp1, 
    nu_nota_comp2, 
    nu_nota_comp3, 
    nu_nota_comp4, 
    nu_nota_comp5, 
    nu_nota_redacao 
FROM 
    db.enem.base_enem 
WHERE 
    nu_inscricao = 210058573818;
"
210059246974,"
SELECT nu_inscricao, tp_status_redacao, nu_nota_comp1, nu_nota_comp2, nu_nota_comp3, nu_nota_comp4, nu_nota_comp5, nu_nota_redacao 
FROM db.enem.base_enem 
WHERE nu_inscricao = 210059246974;
"
210061234983,"
SELECT nu_inscricao, no_municipio_esc, sg_uf_esc, tp_status_redacao, nu_nota_comp1, nu_nota_comp2, nu_nota_comp3, nu_nota_comp4, nu_nota_comp5, nu_nota_redacao 
FROM db.enem.base_enem 
WHERE nu_inscricao = 210061234983;
"
210059587848,"
SELECT nu_inscricao, no_municipio_esc, sg_uf_esc, tp_status_redacao, nu_nota_comp1, nu_nota_comp2, nu_nota_comp3, nu_nota_comp4, nu_nota_comp5, nu_nota_redacao
FROM db.enem.base_enem
WHERE nu_inscricao = 210059587848;
"
210058941496,"
SELECT nu_inscricao, tp_status_redacao, nu_nota_comp1, nu_nota_comp2, nu_nota_comp3, nu_nota_comp4, nu_nota_comp5, nu_nota_redacao
FROM db.enem.base_enem
WHERE nu_inscricao = 210058941496;
"
210059959484,"
SELECT nu_inscricao, 
       nu_nota_comp1, 
       nu_nota_comp2, 
       nu_nota_comp3, 
       nu_nota_comp4, 
       nu_nota_comp5, 
       nu_nota_redacao 
FROM db.enem.base_enem 
WHERE nu_inscricao = 210059959484;
"
210060440977,"
SELECT nu_inscricao, tp_status_redacao, nu_nota_comp1, nu_nota_comp2, nu_nota_comp3, nu_nota_comp4, nu_nota_comp5, nu_nota_redacao
FROM db.enem.base_enem
WHERE nu_inscricao = 210060440977;
"
210060373827,"
SELECT 
    no_municipio_esc, 
    sg_uf_esc, 
    nu_inscricao, 
    tp_status_redacao, 
    nu_nota_comp1, 
    nu_nota_comp2, 
    nu_nota_comp3, 
    nu_nota_comp4, 
    nu_nota_comp5, 
    nu_nota_redacao 
FROM 
    db.enem.base_enem 
WHERE 
    nu_inscricao = 210060373827;
"
210061234984,"
SELECT nu_inscricao, no_municipio_esc, sg_uf_esc, tp_status_redacao, 
       nu_nota_comp1, nu_nota_comp2, nu_nota_comp3, 
       nu_nota_comp4, nu_nota_comp5, nu_nota_redacao 
FROM db.enem.base_enem 
WHERE nu_inscricao = 210061234984;
"
210059587849,"
SELECT 
    nu_inscricao, 
    no_municipio_esc, 
    sg_uf_esc, 
    tp_status_redacao, 
    nu_nota_comp1, 
    nu_nota_comp2, 
    nu_nota_comp3, 
    nu_nota_comp4, 
    nu_nota_comp5, 
    nu_nota_redacao 
FROM 
    db.enem.base_enem 
WHERE 
    nu_inscricao = 210059587849;
"
210059959485,"
SELECT 
    no_municipio_esc, 
    sg_uf_esc, 
    nu_inscricao, 
    tp_status_redacao, 
    nu_nota_comp1, 
    nu_nota_comp2, 
    nu_nota_comp3, 
    nu_nota_comp4, 
    nu_nota_comp5, 
    nu_nota_redacao 
FROM 
    db.enem.base_enem 
WHERE 
    nu_inscricao = 210059959485;
"
210059982323,"
SELECT no_municipio_esc, sg_uf_esc, tp_status_redacao, nu_nota_comp1, nu_nota_comp2, nu_nota_comp3, nu_nota_comp4, nu_nota_comp5, nu_nota_redacao
FROM db.enem.base_enem
WHERE nu_inscricao = 210059982323;
"
210060373828,"
SELECT 
    nu_inscricao, 
    no_municipio_esc, 
    sg_uf_esc, 
    tp_status_redacao, 
    nu_nota_comp1, 
    nu_nota_comp2, 
    nu_nota_comp3, 
    nu_nota_comp4, 
    nu_nota_comp5, 
    nu_nota_redacao 
FROM 
    db.enem.base_enem 
WHERE 
    nu_inscricao = 210060373828;
"
210059246976,"
SELECT 
    no_municipio_esc,
    sg_uf_esc,
    nu_inscricao,
    tp_status_redacao,
    nu_nota_comp1,
    nu_nota_comp2,
    nu_nota_comp3,
    nu_nota_comp4,
    nu_nota_comp5,
    nu_nota_redacao
FROM 
    db.enem.base_enem
WHERE 
    nu_inscricao = 210059246976;
"
210061234985,"
SELECT nu_inscricao, tp_status_redacao, nu_nota_comp1, nu_nota_comp2, nu_nota_comp3, nu_nota_comp4, nu_nota_comp5, nu_nota_redacao
FROM db.enem.base_enem
WHERE nu_inscricao = 210061234985;
"
210061337589,"
SELECT nu_inscricao, nu_nota_redacao, nu_nota_comp1, nu_nota_comp2, nu_nota_comp3, nu_nota_comp4, nu_nota_comp5
FROM db.enem.base_enem
WHERE nu_inscricao = 210061337589;
"
210059589781,"
SELECT 
    no_municipio_esc, 
    sg_uf_esc, 
    nu_inscricao, 
    tp_status_redacao, 
    nu_nota_comp1, 
    nu_nota_comp2, 
    nu_nota_comp3, 
    nu_nota_comp4, 
    nu_nota_comp5, 
    nu_nota_redacao 
FROM 
    db.enem.base_enem 
WHERE 
    nu_inscricao = 210059589781;
"
210058061541,"
SELECT nu_inscricao, no_municipio_esc, sg_uf_esc, tp_status_redacao, nu_nota_comp1, nu_nota_comp2, nu_nota_comp3, nu_nota_comp4, nu_nota_comp5, nu_nota_redacao
FROM db.enem.base_enem
WHERE nu_inscricao = 210058061541;
"
210059855124,"
SELECT nu_inscricao, no_municipio_esc, sg_uf_esc, tp_status_redacao, nu_nota_comp1, nu_nota_comp2, nu_nota_comp3, nu_nota_comp4, nu_nota_comp5, nu_nota_redacao 
FROM db.enem.base_enem 
WHERE nu_inscricao = 210059855124;
"
210058387335,"
SELECT nu_inscricao, nu_nota_redacao, nu_nota_comp1, nu_nota_comp2, nu_nota_comp3, nu_nota_comp4, nu_nota_comp5
FROM db.enem.base_enem
WHERE nu_inscricao = 210058387335;
"
210059085139,"
SELECT 
    nu_inscricao, 
    tp_status_redacao, 
    nu_nota_comp1, 
    nu_nota_comp2, 
    nu_nota_comp3, 
    nu_nota_comp4, 
    nu_nota_comp5, 
    nu_nota_redacao 
FROM 
    db.enem.base_enem 
WHERE 
    nu_inscricao = 210059085139;
"
210060801603,"
SELECT 
    nu_inscricao,
    tp_status_redacao,
    nu_nota_comp1,
    nu_nota_comp2,
    nu_nota_comp3,
    nu_nota_comp4,
    nu_nota_comp5,
    nu_nota_redacao
FROM 
    db.enem.base_enem
WHERE 
    nu_inscricao = 210060801603;
"
210059527738,"
SELECT 
    nu_inscricao, 
    nu_nota_comp1, 
    nu_nota_comp2, 
    nu_nota_comp3, 
    nu_nota_comp4, 
    nu_nota_comp5, 
    nu_nota_redacao 
FROM 
    db.enem.base_enem 
WHERE 
    nu_inscricao = 210059527738;
"
210059388095,"
SELECT 
    no_municipio_esc, 
    sg_uf_esc, 
    nu_inscricao, 
    tp_status_redacao, 
    nu_nota_comp1, 
    nu_nota_comp2, 
    nu_nota_comp3, 
    nu_nota_comp4, 
    nu_nota_comp5, 
    nu_nota_redacao
FROM 
    db.enem.base_enem
WHERE 
    nu_inscricao = 210059388095;
"
210059980951,"
SELECT 
    no_municipio_esc, 
    sg_uf_esc, 
    nu_inscricao, 
    tp_status_redacao, 
    nu_nota_comp1, 
    nu_nota_comp2, 
    nu_nota_comp3, 
    nu_nota_comp4, 
    nu_nota_comp5, 
    nu_nota_redacao
FROM 
    db.enem.base_enem
WHERE 
    nu_inscricao = 210059980951;
"
210058061542,"
SELECT no_municipio_esc, sg_uf_esc, tp_status_redacao, nu_nota_comp1, nu_nota_comp2, nu_nota_comp3, nu_nota_comp4, nu_nota_comp5, nu_nota_redacao
FROM db.enem.base_enem
WHERE nu_inscricao = 210058061542;
"
210059855125,"
SELECT 
    nu_inscricao,
    tp_status_redacao,
    nu_nota_comp1,
    nu_nota_comp2,
    nu_nota_comp3,
    nu_nota_comp4,
    nu_nota_comp5,
    nu_nota_redacao
FROM 
    db.enem.base_enem
WHERE 
    nu_inscricao = 210059855125;
"
